{"cameraMode":{"drawMode":0,"name":"Shaded","section":"Shading Mode"},"sceneLighting":true,"audioPlay":false,"sceneViewState":{"m_AlwaysRefresh":false,"showFog":true,"showSkybox":true,"showFlares":true,"showImageEffects":true,"showParticleSystems":true,"showVisualEffectGraphs":true,"m_FxEnabled":true},"in2DMode":false,"pivot":{"x":-2.1276092529296877,"y":3.0781402587890627,"z":-39.9927978515625},"rotation":{"x":0.022439196705818178,"y":-0.07400532811880112,"z":-0.0016655588988214732,"w":-0.9970088005065918},"size":5.1571946144104,"orthographic":false}