{"cameraMode":{"drawMode":0,"name":"Shaded","section":"Shading Mode"},"sceneLighting":true,"audioPlay":false,"sceneViewState":{"m_AlwaysRefresh":false,"showFog":true,"showSkybox":true,"showFlares":true,"showImageEffects":true,"showParticleSystems":true,"showVisualEffectGraphs":true,"m_FxEnabled":true},"in2DMode":false,"pivot":{"x":-0.07904458045959473,"y":1.4082632064819337,"z":-42.55512619018555},"rotation":{"x":0.01701589673757553,"y":0.09724127501249314,"z":-0.0016749546630308033,"w":0.9951636791229248},"size":6.283031463623047,"orthographic":false}