{"cameraMode":{"drawMode":0,"name":"Shaded","section":"Shading Mode"},"sceneLighting":true,"audioPlay":false,"sceneViewState":{"m_AlwaysRefresh":false,"showFog":true,"showSkybox":true,"showFlares":true,"showImageEffects":true,"showParticleSystems":true,"showVisualEffectGraphs":true,"m_FxEnabled":true},"in2DMode":false,"pivot":{"x":-7.192614555358887,"y":2.158141613006592,"z":-18.79035758972168},"rotation":{"x":0.0048576886765658859,"y":0.7633463740348816,"z":0.00571730500087142,"w":-0.6459710597991943},"size":0.9005972743034363,"orthographic":false}