{"cameraMode":{"drawMode":0,"name":"Shaded","section":"Shading Mode"},"sceneLighting":true,"audioPlay":false,"sceneViewState":{"m_AlwaysRefresh":false,"showFog":true,"showSkybox":false,"showFlares":true,"showImageEffects":true,"showParticleSystems":true,"showVisualEffectGraphs":true,"m_FxEnabled":true},"in2DMode":false,"pivot":{"x":-5.220765113830566,"y":4.711859703063965,"z":0.08396196365356446},"rotation":{"x":0.6979100108146668,"y":-0.031116219237446786,"z":0.030378248542547227,"w":0.7148641347885132},"size":10.465337753295899,"orthographic":false}